importId,currency.id,mainInvoicingAddressStr,deliveryAddressStr,company.id,clientPartner.name,creationDate,statusSelect,exTaxTotal,taxTotal,inTaxTotal,attrs,saleOrderLineListImportId,flag
WC-25727,148,"3053215768
lily.perez@mowi.com
7412 Southwest 158th Place, MIAMI, FL 33193","7412 SW 158TH PL, MIAMI, FL 33193-3313",1,Analidis Perez,2023-05-05,4,0,0,0,"{""soNum"":""WC-25727"",""cfiWooCommerceOrderItemIdentity1"":""UNITED STATES"",""cfiWooCommerceOrderItemIdentity2"":""FALSE"",""carrierName"":""USPS"",""taxRateName"":""None"",""poNum"":"""",""salesman"":""Samantha"",""shippingTerms"":""Prepaid & Billed"",""paymentTerms"":""COD"",""fob"":""Origin"",""quickBooksClassName"":""Z Dental:Aetna"",""locationGroupName"":""Main"",""carrierService"":""Flat Rate"",""cfAetnaMember"":false,""cfAetnaBulk"":false,""cfShippedByPitneyBowes"":false,""taxCod"":""FL""}",WC-25727/500-900-MASK-FREE,SO
WC-25713,148,"2674754742
mcris73.ma@gmail.com
4 Nottingham Ln, HATBORO, PA 19040","4 NOTTINGHAM LN, HATBORO, PA 19040-1346",1,Maricris Herrmann,2023-05-04,4,0,0,0,"{""soNum"":""WC-25713"",""cfiWooCommerceOrderItemIdentity1"":""UNITED STATES"",""cfiWooCommerceOrderItemIdentity2"":""FALSE"",""carrierName"":""USPS"",""taxRateName"":""None"",""poNum"":"""",""salesman"":""Samantha"",""shippingTerms"":""Prepaid & Billed"",""paymentTerms"":""COD"",""fob"":""Origin"",""quickBooksClassName"":""Z Dental:Aetna"",""locationGroupName"":""Main"",""carrierService"":""Flat Rate"",""cfAetnaMember"":false,""cfAetnaBulk"":false,""cfShippedByPitneyBowes"":false,""taxCod"":""PA""}",WC-25713/500-900-MASK-FREE,SO
WC-25680,148,"6128019858
theresesimmons@gmail.com
7677 Den Helder Dr, BYRON CENTER, MI 49315","7677 DEN HELDER DR, BYRON CENTER, MI 49315-9195",1,THERESE Simmons,2023-05-01,4,69.95,9.793000000000001,79.74300000000001,"{""soNum"":""WC-25680"",""cfiWooCommerceOrderItemIdentity1"":""UNITED STATES"",""cfiWooCommerceOrderItemIdentity2"":""FALSE"",""carrierName"":""USPS"",""taxRateName"":""None"",""poNum"":"""",""salesman"":""Ernesto"",""shippingTerms"":""Prepaid & Billed"",""paymentTerms"":""COD"",""fob"":""Origin"",""quickBooksClassName"":""Z Dental:Aetna"",""locationGroupName"":""Main"",""carrierService"":""Flat Rate"",""cfAetnaMember"":false,""cfAetnaBulk"":false,""cfShippedByPitneyBowes"":false,""taxCod"":""MI""}",WC-25680/110-Washcloth,SO
WC-25519,148,"2154314839
dianemclean@verizon.net
1274nGeneral Mercer Road, WASHINGTON CROSSING, PA 18977","1274 GENERAL MERCER AVE, WSHNGTN XING, PA 18977-1214",1,Diane Mc lean,2023-04-16,4,59.95,8.393,68.343,"{""soNum"":""WC-25519"",""cfiWooCommerceOrderItemIdentity1"":""UNITED STATES"",""cfiWooCommerceOrderItemIdentity2"":""FALSE"",""carrierName"":""USPS"",""taxRateName"":""None"",""poNum"":"""",""salesman"":""Ernesto"",""shippingTerms"":""Prepaid & Billed"",""paymentTerms"":""COD"",""fob"":""Origin"",""quickBooksClassName"":""Z Dental:Aetna"",""locationGroupName"":""Main"",""carrierService"":""Flat Rate"",""cfAetnaMember"":false,""cfAetnaBulk"":false,""cfShippedByPitneyBowes"":false,""taxCod"":""PA""}",WC-25519/810-COMB-DK,SO
WC-25374,148,"6106626788
darb888@gmail.com
14704 CEARFOSS PIKE, HAGERSTOWN, MD 21740-1139","14704 CEARFOSS PIKE, HAGERSTOWN, MD 21740-1139",1,Doris E Zsurka,2023-03-31,4,0,0,0,"{""soNum"":""WC-25374"",""cfiWooCommerceOrderItemIdentity1"":""UNITED STATES"",""cfiWooCommerceOrderItemIdentity2"":""FALSE"",""carrierName"":""USPS"",""taxRateName"":""None"",""poNum"":"""",""salesman"":""Ernesto"",""shippingTerms"":""Prepaid & Billed"",""paymentTerms"":""COD"",""fob"":""Origin"",""quickBooksClassName"":""Z Dental:Aetna"",""locationGroupName"":""Main"",""carrierService"":""Flat Rate"",""cfAetnaMember"":false,""cfAetnaBulk"":false,""cfShippedByPitneyBowes"":false,""taxCod"":""MD""}",WC-25374/500-900-MASK-FREE,SO
WC-25015,148,"6198088049
jessica.bada@icloud.com
10220 Sw Paulina Dr, TUALATIN, OR 97062","10220 SW PAULINA DR, TUALATIN, OR 97062-8548",1,Jessica Bada,2023-02-26,4,125.38000000000001,17.553200000000004,142.9332,"{""soNum"":""WC-25015"",""cfiWooCommerceOrderItemIdentity1"":""UNITED STATES"",""cfiWooCommerceOrderItemIdentity2"":""FALSE"",""carrierName"":""USPS"",""taxRateName"":""None"",""poNum"":"""",""salesman"":""Samantha"",""shippingTerms"":""Prepaid & Billed"",""paymentTerms"":""COD"",""fob"":""Origin"",""quickBooksClassName"":""Z Dental:Aetna"",""locationGroupName"":""Main"",""carrierService"":""Flat Rate"",""cfAetnaMember"":false,""cfAetnaBulk"":false,""cfShippedByPitneyBowes"":false,""taxCod"":""OR""}",WC-25015/500-900-MASK-FREE,SO
WC-25006,148,"9492913594
dmlawrence@cox.net
34401 Calle Naranja, CAPISTRANO BEACH, CA 92624","34401 CALLE NARANJA, CAPO BEACH, CA 92624-1035",1,Delaine Lawrence,2023-02-26,4,0,0,0,"{""soNum"":""WC-25006"",""cfiWooCommerceOrderItemIdentity1"":""UNITED STATES"",""cfiWooCommerceOrderItemIdentity2"":""FALSE"",""carrierName"":""USPS"",""taxRateName"":""None"",""poNum"":"""",""salesman"":""Samantha"",""shippingTerms"":""Prepaid & Billed"",""paymentTerms"":""COD"",""fob"":""Origin"",""quickBooksClassName"":""Z Dental:Aetna"",""locationGroupName"":""Main"",""carrierService"":""Flat Rate"",""cfAetnaMember"":false,""cfAetnaBulk"":false,""cfShippedByPitneyBowes"":false,""taxCod"":""CA""}",WC-25006/500-900-MASK-FREE,SO
WC-24674,148,"9412767517
marla18@comcast.net
13042 Ridd Circle, EAGLE RIVER, AK 99577","13042 RIDD CIR, EAGLE RIVER, AK 99577-7604",1,Marla Fernandez,2023-02-01,4,111.75,15.645000000000001,127.395,"{""soNum"":""WC-24674"",""cfiWooCommerceOrderItemIdentity1"":""UNITED STATES"",""cfiWooCommerceOrderItemIdentity2"":""FALSE"",""carrierName"":""USPS"",""taxRateName"":""None"",""poNum"":"""",""salesman"":""Ernesto"",""shippingTerms"":""Prepaid & Billed"",""paymentTerms"":""COD"",""fob"":""Origin"",""quickBooksClassName"":""Z Dental"",""locationGroupName"":""Main"",""carrierService"":""Flat Rate"",""cfAetnaMember"":false,""cfAetnaBulk"":false,""cfShippedByPitneyBowes"":false,""taxCod"":""AK""}",WC-24674/110-Washcloth,SO
WC-24563,148,"9562669515
padillacuqui@yahoo.com
64 S Aztec Cove Dr, INDIAN LAKE, TX 78566","64 S AZTEC COVE DR, INDIAN LAKE, TX 78566-4113",1,MARIBEL PADILLA,2023-01-23,4,59.9,8.386000000000001,68.286,"{""soNum"":""WC-24563"",""cfiWooCommerceOrderItemIdentity1"":""UNITED STATES"",""cfiWooCommerceOrderItemIdentity2"":""FALSE"",""carrierName"":""USPS"",""taxRateName"":""None"",""poNum"":"""",""salesman"":""Samantha"",""shippingTerms"":""Prepaid & Billed"",""paymentTerms"":""COD"",""fob"":""Origin"",""quickBooksClassName"":""Z Dental:Aetna"",""locationGroupName"":""Main"",""carrierService"":""Flat Rate"",""cfAetnaMember"":false,""cfAetnaBulk"":false,""cfShippedByPitneyBowes"":false,""taxCod"":""TX""}",WC-24563/810-COMB-DK,SO
WC-24098,148,"13189361025
annbeacham@outlook.com
P. O. Box 55, HAZLEHURST, MS 39083","PO BOX 55, HAZLEHURST, MS 39083-0055",1,Beverly Daniel,2022-12-17,4,38.95,5.453000000000001,44.403000000000006,"{""soNum"":""WC-24098"",""cfiWooCommerceOrderItemIdentity1"":""UNITED STATES"",""cfiWooCommerceOrderItemIdentity2"":""FALSE"",""carrierName"":""USPS"",""taxRateName"":""None"",""poNum"":"""",""salesman"":""Ernesto"",""shippingTerms"":""Prepaid & Billed"",""paymentTerms"":""COD"",""fob"":""Origin"",""quickBooksClassName"":""Z Dental:Aetna"",""locationGroupName"":""Main"",""carrierService"":""Flat Rate"",""cfAetnaMember"":false,""cfAetnaBulk"":false,""cfShippedByPitneyBowes"":false,""taxCod"":""MS""}",WC-24098/110-Washcloth,SO
WC-23539,148,"3477987105
dinahimed@gmail.com
2013 5th Ave, NEW YORK, NY 10035","APT D53
2013 5TH AVE, NEW YORK, NY 10035-1835",1,Dina Himed,2022-10-31,4,15.95,2.233,18.183,"{""soNum"":""WC-23539"",""cfiWooCommerceOrderItemIdentity1"":""UNITED STATES"",""cfiWooCommerceOrderItemIdentity2"":""FALSE"",""carrierName"":""USPS"",""taxRateName"":""None"",""poNum"":"""",""salesman"":""Imenda"",""shippingTerms"":""Prepaid & Billed"",""paymentTerms"":""COD"",""fob"":""Origin"",""quickBooksClassName"":""Z Dental:Aetna"",""locationGroupName"":""Main"",""carrierService"":""Flat Rate"",""cfAetnaMember"":false,""cfAetnaBulk"":false,""cfShippedByPitneyBowes"":false,""taxCod"":""NY""}",WC-23539/100-ZS-MINI-MBR,SO
WC-22237,148,"3312624811
Rescareno@realtors.org
17 Oak Avenue, WESTMONT, IL 60559","3312624811
17 Oak Avenue, WESTMONT, IL 60559",1,Rita Escareno,2022-07-12,5,16.74,2.3436,19.083599999999997,"{""soNum"":""WC-22237"",""cfiWooCommerceOrderItemIdentity1"":""UNITED STATES"",""cfiWooCommerceOrderItemIdentity2"":""FALSE"",""carrierName"":""USPS"",""taxRateName"":""None"",""poNum"":"""",""salesman"":""admin"",""shippingTerms"":""Prepaid & Billed"",""paymentTerms"":""COD"",""fob"":""Origin"",""quickBooksClassName"":""None"",""locationGroupName"":""Main"",""carrierService"":""Flat Rate"",""cfAetnaMember"":false,""cfAetnaBulk"":false,""cfShippedByPitneyBowes"":false,""taxCod"":""IL""}",WC-22237/810-COMB-DK,SO
WC-22003,148,"6309620132
malav.desai7395@gmail.com
1473 Fairway Drive, Apt 201, NAPERVILLE, IL 60563","6309620132
1473 Fairway Drive, Apt 201, NAPERVILLE, IL 60563",1,Malav Desai,2022-06-26,4,75.9,10.626000000000001,86.52600000000001,"{""soNum"":""WC-22003"",""cfiWooCommerceOrderItemIdentity1"":""UNITED STATES"",""cfiWooCommerceOrderItemIdentity2"":""FALSE"",""carrierName"":""USPS"",""taxRateName"":""None"",""poNum"":"""",""salesman"":""ageary"",""shippingTerms"":""Prepaid & Billed"",""paymentTerms"":""COD"",""fob"":""Origin"",""quickBooksClassName"":""None"",""locationGroupName"":""Main"",""carrierService"":""Flat Rate"",""cfAetnaMember"":false,""cfAetnaBulk"":false,""cfShippedByPitneyBowes"":false,""taxCod"":""IL""}",WC-22003/810-COMB-DK,SO
WC19976,148,"610-331-1512
joannabmcgrath@gmail.com
3445 Central Ave, OCEAN CITY, NJ 8226","610-331-1512
3445 Central Ave, OCEAN CITY, NJ 8226",1,Joanna McGrath,2022-01-23,4,111.75,15.645000000000001,127.395,"{""soNum"":""WC19976"",""cfiWooCommerceOrderItemIdentity1"":""UNITED STATES"",""cfiWooCommerceOrderItemIdentity2"":""FALSE"",""carrierName"":""USPS"",""taxRateName"":""None"",""poNum"":"""",""salesman"":""admin"",""shippingTerms"":""Prepaid & Billed"",""paymentTerms"":""COD"",""fob"":""Origin"",""quickBooksClassName"":""None"",""locationGroupName"":""Main"",""carrierService"":""Flat Rate"",""cfAetnaMember"":false,""cfAetnaBulk"":false,""cfShippedByPitneyBowes"":false,""taxCod"":""NJ""}",WC19976/110-Washcloth,SO
WC18033,148,"9192790533
apryl333@live.com
4621 Capefield Dr, WAKE FOREST, NC 27587-3441","4621 Capefield Dr, WAKE FOREST, NC 27587-3441",1,Apryl Gartland,2021-10-09,4,103.75,14.525000000000002,118.275,"{""soNum"":""WC18033"",""cfiWooCommerceOrderItemIdentity1"":""UNITED STATES"",""cfiWooCommerceOrderItemIdentity2"":""FALSE"",""carrierName"":""USPS"",""taxRateName"":""None"",""poNum"":"""",""salesman"":""admin"",""shippingTerms"":""Prepaid & Billed"",""paymentTerms"":""COD"",""fob"":""Origin"",""quickBooksClassName"":""None"",""locationGroupName"":""Main"",""carrierService"":""Flat Rate"",""cfAetnaMember"":false,""cfAetnaBulk"":false,""cfShippedByPitneyBowes"":false,""taxCod"":""NC""}",WC18033/500-900-MASK-FREE,SO
4730,148,"2617 South 46th Street, Suite 300, PHOENIX, AZ 85034","RM 149
411 PEARL ST, NEW YORK, NY 10038-1432",1,"DollarDays International, Inc",2023-05-08,4,0,0,0,"{""soNum"":""4730"",""cfiWooCommerceOrderItemIdentity1"":""UNITED STATES"",""cfiWooCommerceOrderItemIdentity2"":""FALSE"",""carrierName"":""UPS"",""taxRateName"":""None"",""poNum"":""2638753"",""salesman"":""Ernesto"",""shippingTerms"":""Prepaid & Billed"",""paymentTerms"":""NET 30"",""fob"":""Origin"",""quickBooksClassName"":""Z Dental"",""locationGroupName"":""Main"",""carrierService"":""Ground"",""cfAetnaMember"":false,""cfAetnaBulk"":false,""cfShippedByPitneyBowes"":false,""taxCod"":""AZ""}",4730/830-POUCH-BLUE-11X8,SO
4700,148,"913 E SANTA CLARA ST, VENTURA, CA 93001-3068","913 E SANTA CLARA ST, VENTURA, CA 93001-3068",1,Assistance League of Ventura,2023-05-01,4,0.1,0.014000000000000002,0.114,"{""soNum"":""4700"",""cfiWooCommerceOrderItemIdentity1"":""UNITED STATES"",""cfiWooCommerceOrderItemIdentity2"":""FALSE"",""carrierName"":""UPS"",""taxRateName"":""None"",""poNum"":"""",""salesman"":""ageary"",""shippingTerms"":""Prepaid & Billed"",""paymentTerms"":""Due at time of order."",""fob"":""Origin"",""quickBooksClassName"":""Z Dental"",""locationGroupName"":""Main"",""carrierService"":""Ground"",""cfAetnaMember"":false,""cfAetnaBulk"":false,""cfShippedByPitneyBowes"":false,""taxCod"":""CA""}",4700/110-LOTION-8FS,SO
4316,148,"2617 South 46th Street, Suite 300, PHOENIX, AZ 85034","6712 WILL ROGERS DR, FAIR OAKS, CA 95628-4230",1,"DollarDays International, Inc",2023-03-05,4,0,0,0,"{""soNum"":""4316"",""cfiWooCommerceOrderItemIdentity1"":""UNITED STATES"",""cfiWooCommerceOrderItemIdentity2"":""FALSE"",""carrierName"":""UPS"",""taxRateName"":""None"",""poNum"":""2630788"",""salesman"":""Ernesto"",""shippingTerms"":""Prepaid & Billed"",""paymentTerms"":""NET 30"",""fob"":""Origin"",""quickBooksClassName"":""Z Dental"",""locationGroupName"":""Main"",""carrierService"":""Ground"",""cfAetnaMember"":false,""cfAetnaBulk"":false,""cfShippedByPitneyBowes"":false,""taxCod"":""AZ""}",4316/830-POUCH-BLUE-11X8,SO
4286,148,"2617 South 46th Street, Suite 300, PHOENIX, AZ 85034","2600 DONALDSON DR, ORLANDO, FL 32812-8411",1,"DollarDays International, Inc",2023-02-27,4,0,0,0,"{""soNum"":""4286"",""cfiWooCommerceOrderItemIdentity1"":""UNITED STATES"",""cfiWooCommerceOrderItemIdentity2"":""FALSE"",""carrierName"":""UPS"",""taxRateName"":""None"",""poNum"":""2630021"",""salesman"":""Ernesto"",""shippingTerms"":""Prepaid & Billed"",""paymentTerms"":""NET 30"",""fob"":""Origin"",""quickBooksClassName"":""Z Dental"",""locationGroupName"":""Main"",""carrierService"":""Ground"",""cfAetnaMember"":false,""cfAetnaBulk"":false,""cfShippedByPitneyBowes"":false,""taxCod"":""AZ""}",4286/830-POUCH-BLUE-11X8,SO
4223,148,"2617 South 46th Street, Suite 300, PHOENIX, AZ 85034","RM 211
333 E 151ST ST, BRONX, NY 10451-5103",1,"DollarDays International, Inc",2023-02-15,4,0,0,0,"{""soNum"":""4223"",""cfiWooCommerceOrderItemIdentity1"":""UNITED STATES"",""cfiWooCommerceOrderItemIdentity2"":""FALSE"",""carrierName"":""UPS"",""taxRateName"":""None"",""poNum"":""2628776"",""salesman"":""Ernesto"",""shippingTerms"":""Prepaid & Billed"",""paymentTerms"":""NET 30"",""fob"":""Origin"",""quickBooksClassName"":""Z Dental"",""locationGroupName"":""Main"",""carrierService"":""Ground"",""cfAetnaMember"":false,""cfAetnaBulk"":false,""cfShippedByPitneyBowes"":false,""taxCod"":""AZ""}",4223/830-POUCH-BLUE-11X8,SO
4153,148,"2617 South 46th Street, Suite 300, PHOENIX, AZ 85034","50 E KING ST, YORK, PA 17401-1411",1,"DollarDays International, Inc",2023-02-08,4,0,0,0,"{""soNum"":""4153"",""cfiWooCommerceOrderItemIdentity1"":""UNITED STATES"",""cfiWooCommerceOrderItemIdentity2"":""FALSE"",""carrierName"":""UPS"",""taxRateName"":""None"",""poNum"":""2628037"",""salesman"":""Ernesto"",""shippingTerms"":""Prepaid & Billed"",""paymentTerms"":""NET 30"",""fob"":""Origin"",""quickBooksClassName"":""Z Dental"",""locationGroupName"":""Main"",""carrierService"":""Ground"",""cfAetnaMember"":false,""cfAetnaBulk"":false,""cfShippedByPitneyBowes"":false,""taxCod"":""AZ""}",4153/830-POUCH-BLUE-11X8,SO
4098,148,"Attn: Ann Barnes
6101 North Chestnut Ave., GLADSTONE, MO 64119","Operation School Bell
6601 North Oak Traffic way, GLADSTONE, MO 64118",1,Assistance League of Kansas City,2023-01-25,4,0,0,0,"{""soNum"":""4098"",""cfiWooCommerceOrderItemIdentity1"":""UNITED STATES"",""cfiWooCommerceOrderItemIdentity2"":""FALSE"",""carrierName"":""UPS"",""taxRateName"":""None"",""poNum"":"""",""salesman"":""ageary"",""shippingTerms"":""Prepaid & Billed"",""paymentTerms"":""NET 30"",""fob"":""Origin"",""quickBooksClassName"":""Z Dental"",""locationGroupName"":""Main"",""carrierService"":""Ground"",""cfAetnaMember"":false,""cfAetnaBulk"":false,""cfShippedByPitneyBowes"":false,""taxCod"":""MO""}",4098/110-LOTION-8FS,SO
3952,148,"2617 South 46th Street, Suite 300, PHOENIX, AZ 85034","6662 LOVELAND ST, BELL GARDENS, CA 90201-1930",1,"DollarDays International, Inc",2023-01-04,4,0,0,0,"{""soNum"":""3952"",""cfiWooCommerceOrderItemIdentity1"":""UNITED STATES"",""cfiWooCommerceOrderItemIdentity2"":""FALSE"",""carrierName"":""UPS"",""taxRateName"":""None"",""poNum"":""2624083"",""salesman"":""Ernesto"",""shippingTerms"":""Prepaid & Billed"",""paymentTerms"":""NET 30"",""fob"":""Origin"",""quickBooksClassName"":""Z Dental"",""locationGroupName"":""Main"",""carrierService"":""Ground"",""cfAetnaMember"":false,""cfAetnaBulk"":false,""cfShippedByPitneyBowes"":false,""taxCod"":""AZ""}",3952/110-Washcloth,SO
2721,148,"100 Park Avenue, NY, NY 10017","19079 SKYSAIL DR, LEWES, DE 19958-3419",1,Aetna Dental,2022-07-15,4,0,0,0,"{""soNum"":""2721"",""cfiWooCommerceOrderItemIdentity1"":""UNITED STATES"",""cfiWooCommerceOrderItemIdentity2"":""FALSE"",""carrierName"":""USPS"",""taxRateName"":""None"",""poNum"":"""",""salesman"":""jcarroll"",""shippingTerms"":""Prepaid & Billed"",""paymentTerms"":""NET 30"",""fob"":""Origin"",""quickBooksClassName"":""None"",""locationGroupName"":""Main"",""carrierService"":""Parcel"",""cfAetnaMember"":false,""cfAetnaBulk"":false,""cfShippedByPitneyBowes"":false,""taxCod"":""NY""}",2721/500-100-FLOSS-18YD-AETNA,SO
1542,148,"Attn: Ann Barnes
6101 North Chestnut Ave., GLADSTONE, MO 64119","Operation School Bell
6601 North Oak Traffic way, GLADSTONE, MO 64118",1,Assistance League of Kansas City,2022-02-16,4,0,0,0,"{""soNum"":""1542"",""cfiWooCommerceOrderItemIdentity1"":"""",""cfiWooCommerceOrderItemIdentity2"":""FALSE"",""carrierName"":""UPS"",""taxRateName"":""None"",""poNum"":"""",""salesman"":""ageary"",""shippingTerms"":""Prepaid & Billed"",""paymentTerms"":""NET 30"",""fob"":""Origin"",""quickBooksClassName"":""Z Dental"",""locationGroupName"":""Main"",""carrierService"":""Ground"",""cfAetnaMember"":false,""cfAetnaBulk"":false,""cfShippedByPitneyBowes"":false,""taxCod"":""MO""}",1542/875-LIP BALM VANILLA,SO
934,148,"16 NW 63rd St. Suite #201, OKLAHOMA CITY, OK 73116","16 NW 63rd St. Suite #201, OKLAHOMA CITY, OK 73116",1,Delta Dental of Oklahoma,2021-12-08,4,0,0,0,"{""soNum"":""934"",""cfiWooCommerceOrderItemIdentity1"":""UNITED STATES"",""cfiWooCommerceOrderItemIdentity2"":""FALSE"",""carrierName"":""UPS"",""taxRateName"":""None"",""poNum"":"""",""salesman"":""ageary"",""shippingTerms"":""Prepaid & Billed"",""paymentTerms"":""NET 30"",""fob"":""Origin"",""quickBooksClassName"":""None"",""locationGroupName"":""Main"",""carrierService"":""Ground"",""cfAetnaMember"":false,""cfAetnaBulk"":false,""cfShippedByPitneyBowes"":false,""taxCod"":""OK""}",934/830-NEO-POUCH-DD,SO
